<?xml version="1.0" encoding="utf-8"?>
<!DOCTYPE install>
<install type="language" version="1.5" client="administrator" method="upgrade">
	<name>Kunena Forum - Spanish (Spain)</name>
	<tag>es-ES</tag>
	<version>1.7.2</version>
	<creationDate>2012-01-31</creationDate>
	<build>5215</build>
	<author>Kunena Team</author>
	<authorEmail>translations@kunena.org</authorEmail>
	<authorUrl>https://www.transifex.net/projects/p/Kunena/team/es_ES/</authorUrl>
	<copyright>(C) 2008 - 2012 Kunena Team. All rights reserved.</copyright>
	<license>GNU/GPL</license>
	<description>Spanish (Spain) language file for Kunena Forum Component</description>

	<files>
		<filename>es-ES.com_kunena.ini</filename>
		<filename>es-ES.com_kunena.install.ini</filename>
		<filename>es-ES.com_kunena.menu.ini</filename>
		<filename>es-ES.com_kunena.sys.ini</filename>
		<filename>es-ES.plg_system_kunena.sys.ini</filename>
	</files>
</install>
