<?xml version="1.0" ?>
<mosinstall type="component">
  <name>Forum</name>
  <creationDate>12.8.2004</creationDate>
  <author>Adam van Dongen</author>
  <copyright>This component is released under the GNU/GPL License</copyright>
  <authorEmail>adam@tim-online.nl</authorEmail>
  <authorUrl>www.tim-online.nl</authorUrl>
  <version>1.2.3.</version>
  <description>phpBB component for Mambo 4.5</description>
  <files>
    <filename>com_forum.zip</filename>
  </files>
  <installfile>install.forum.php</installfile>
  <uninstallfile>uninstall.forum.php</uninstallfile>
  <administration>
    <menu>phpBB</menu>
    <submenu>
      <menu>Configuration</menu>
      <menu task="install">Install phpBB for mambo</menu>
      <menu task="import">Import phpBB users into mambo</menu>
    </submenu>
    <files>
	  	<filename>install.forum.php</filename>
		<filename>logo_phpBB_v3.png</filename>
	  	<filename>admin.forum.php</filename>
	  	<filename>uninstall.forum.php</filename>
	  	<filename>mysql_basic.sql</filename>
	  	<filename>mysql_schema.sql</filename>
	  	<filename>mysql_import.sql</filename>
	  	<filename>mos_users.sql</filename>
    </files>
  </administration>
</mosinstall>