<?xml version="1.0" encoding="iso-8859-1"?>
<mosinstall version="1.0" type="mambot" group="editors-xtd">
	<name>vBridge DiscussBot</name>
	<author>Marko Schmuck aka Predator</author>
	<creationDate>October 2005</creationDate>
	<copyright>(C) 2005 Marko Schmuck aka Predator - wh-solution.com, adapted from SMF Mambot button by mic.</copyright>
	<license>http://www.gnu.org/copyleft/gpl.html GNU/GPL</license>
	<authorEmail>webmaster@wh-solution.com</authorEmail>
	<authorUrl>http://www.wh-solution.com</authorUrl>
   	<version>1.0</version>
	<description>Shows a Button for {mos_vbridge_discuss} to install a dicussionlink to the installed vBulletin-Forum from the article.</description>
	<files>
		<filename mambot="mosvbridgediscuss.btn">mosvbridgediscuss.btn.php</filename>
		<filename mambot="mosvbridgediscuss.btn">mosvbridgediscuss.gif</filename>
	</files>
</mosinstall>