<?xml version="1.0" ?>
<mosinstall type="module">
    <name>phpBB Login</name>
    <creationDate>16/08/2004</creationDate>
    <author>Adam van Dongen</author>
    <copyright>This template is released under the GNU/GPL License</copyright>
    <authorEmail>adam@tim-online.nl</authorEmail>
    <authorUrl></authorUrl>
    <version>1.5</version>
    <description>Login adjusted for phpBB</description>
     <files>
         <filename module="mod_phpbb_login">mod_phpbb_login.php</filename>
     </files>
</mosinstall>