<?xml version="1.0" encoding="iso-8859-1"?>
<mosinstall type="mambot" group="content">
   <name>vbridge.discussbot</name>
   <author>Marko Schmuck aka Predator & Reggie Suplido</author>
   <creationDate>October 2005</creationDate>
   <copyright>(C) 2005 Marko Schmuck aka Predator - wh-solution.com, adapted from original SimpleBoard Mambot by Two Shoes Mambo Factory.</copyright>
   <license>http://www.gnu.org/copyleft/gpl.html GNU/GPL</license>
   <authorEmail>webmaster@wh-solution.com</authorEmail>
   <authorUrl>http://www.wh-solution.com</authorUrl>
   <version>1.1</version>
   <description>
   	Modified version of the SMF discussbot by Marko Schmuck aka Predator. Let's your content articles to be discussed on designated vBulletin boards. CHANGES: implemented SEF and display bot on the frontpage. USAGE: (1) {mos_vbridge_discuss} - you must define a default discussion board. (2) {mos_vbridge_discuss:2} - "2" is an vBulletin Forum ID.
   </description>
   <files>
      <filename mambot="vbridge.discussbot">vbridge.discussbot.php</filename>
      <filename mambot="vbridge.discussbot">readon_normal.png</filename>
      <filename mambot="vbridge.discussbot">readon_hover.png</filename>
   </files>
    <params>
        <param name="num_chars" type="text" default="700" label="Number of characters to quote from article" description="The number of characters from the article you wish to have quoted in the text of the post." />
		<param name="quote_images" type="radio" default="1" label="Do you want images from the article to appear in posts?">
		  <option value="1">Yes</option>
		  <option value="0">No</option>
		</param>
		<param name="begin_end" type="radio" default="0" label="Do you want the article link to take the user to the beginning or end of the topic?">
		  <option value="1">Beginning</option>
		  <option value="0">End</option>
		</param>
		<param name="allow_anon" type="radio" default="0" label="Do you want to allow anonymous to comment your articles?">
		  <option value="1">Yes</option>
		  <option value="0">No</option>
		</param>
		<param name="use_vbridge" type="radio" default="0" label="Do you use the vBridge Component?">
		  <option value="1">Yes</option>
		  <option value="0">No</option>
		</param>
		<param name="compact_view" type="radio" default="0" label="Compact view?" description="If Compact view YES you only see the article all comments are only in the forum. If you choice NO you will see the comments also under the article in the fulletxt mode.">
		  <option value="1">Yes</option>
		  <option value="0">No</option>
		</param>
		
		<param name="vbpath" type="text" default="http://www.domain.com/forum" label="URL to your vBulletin Forum if you not use the vBridge." description="If you work without vBridge, you have to enter the URL of your vBulletin Forum here." />
<param name="use_database" type="radio" default="0" label="Use different Database?" description="Select YES if your vBulletin tables not in the some database than the mambo tables and put the accessdatas to your Database below .">
			<option value="0">No</option>
			<option value="1">Yes</option>
		</param>
		<param name="db_host" type="text" size="25" default="localhost" label="Database Host" description="The vBulletin Board Database Host i.e. localhost"/>
		<param name="db_dbname" type="text" size="25" default="" label="Database Name" description="The vBulletin Board Database Name i.e. vbulletin"/>
		<param name="db_user" type="text" size="25" default="" label="Database Username" description="The vBulletin Board Database Username i.e. username"/>
		<param name="db_passwd" type="text" size="25" default="" label="Database Password" description="The vBulletin Board Database Password i.e. password"/>
		<param name="db_prefix" type="text" size="25" default="" label="Database prefix" description="The vBulletin Board Database prefix i.e. mos_vb_  NOTE: This must be added no matter if you use a different Database or not"/>
<param name="vbuserid" type="text" default="0" label="vB default user to post articles" description="The vB user id to post automatically in the forums by default." />
		<param name="vbusername" type="text" default="admin" label="vB default username to post articles" description="The vB user name to post automatically in the forums by default." />
		<param name="default_discuss" type="text" default="" label="Default discussion board" description="Specify the forum id of a default board for your articles to be discussed.  If you leave it blank, no links will be created without you adding the discuss code." />
		<param name="title_prefix" type="text" default="" label="vBulletin topic title prefix" description="If you want your article discussions to have an automatic prefix, like [news] or [article] to indicate to forum members that the discussion is based on an article." />
		<param name="link_text" type="text" default="" label="Custom text for link" description="This text will show just before '(X) Comments'" />
	</params>
</mosinstall>
