<?xml version="1.0" encoding="UTF-8"?>
<!DOCTYPE install>
<install type="language" version="1.5" client="administrator" method="upgrade">
	<name>Kunena Forum - English</name>
	<tag>en-GB</tag>
	<creationDate>2012-01-31</creationDate>
	<version>1.7.2</version>
	<build>5215</build>
	<author>Kunena Team</author>
	<authorEmail>kunena@kunena.org</authorEmail>
	<authorUrl>http://www.kunena.org</authorUrl>
	<copyright>(C) 2008 - 2012 Kunena Team. All rights reserved.</copyright>
	<license>GNU/GPL</license>
	<description>English language file for Kunena Forum Component</description>

	<files>
		<filename>en-GB.com_kunena.ini</filename>
		<filename>en-GB.com_kunena.install.ini</filename>
		<filename>en-GB.com_kunena.menu.ini</filename>
		<filename>en-GB.com_kunena.sys.ini</filename>
		<filename>en-GB.plg_system_kunena.sys.ini</filename>
	</files>
</install>