<?xml version="1.0" ?>
<mosinstall type="module">
    <name>phpBB Login (nw)</name>
    <creationDate>05/05/2004</creationDate>
    <author>Adam van Dongen</author>
    <copyright>This template is released under the GNU/GPL License</copyright>
    <authorEmail>adam@tim-online.nl</authorEmail>
    <authorUrl></authorUrl>
    <version>1.4</version>
    <description>Login adjusted for phpBB</description>
     <files>
         <filename module="mod_phpbb_login_nw">mod_phpbb_login_nw.php</filename>
     </files>
</mosinstall>