<?xml version="1.0" encoding="utf-8"?>
<!DOCTYPE install>
<install type="language" version="1.5" client="site" method="upgrade">
	<name>Kunena Forum - Russian (Russia)</name>
	<tag>ru-RU</tag>
	<version>1.7.2</version>
	<creationDate>2012-01-31</creationDate>
	<build>5215</build>
	<author>Kunena Team</author>
	<authorEmail>translations@kunena.org</authorEmail>
	<authorUrl>https://www.transifex.net/projects/p/Kunena/team/ru_RU/</authorUrl>
	<copyright>(C) 2008 - 2012 Kunena Team. All rights reserved.</copyright>
	<license>GNU/GPL</license>
	<description>Russian (Russia) language file for Kunena Forum Component</description>

	<files>
		<filename>ru-RU.com_kunena.ini</filename>
		<filename>ru-RU.com_kunena.tpl_default.ini</filename>
		<filename>ru-RU.com_kunena.tpl_example.ini</filename>
	</files>
</install>
