<?xml version="1.0" encoding="iso-8859-1"?>
<mosinstall type="module">
	<name>Joomla!-vBulletin Recent Posts</name>
	<author>Marko Schmuck aka Predator</author>
	<creationDate>October 2005</creationDate>
	<copyright>www.wh-solution.com</copyright>
	<license>http://www.gnu.org/copyleft/gpl.html GNU/GPL</license>
	<authorEmail>webmaster@wh-solution.com</authorEmail>
	<authorUrl>www.wh-solution.com</authorUrl>
	<version>1.4</version>
	<description>Joomla!-vBulletin Recent Posts displays the last posts based on your configuration.</description>
	<files>
		<filename module="mod_vbridge_recent_posts">mod_vbridge_recent_posts.php</filename>
	</files>
	<params>
		<param name="moduleclass_sfx" type="text" default="" label="Module Class Suffix" description="A suffix to be applied to the css class of the module (table.moduletable), this allows individual module styling" />

		<param name="use_database" type="radio" default="0" label="Use different Database?" description="Select YES if your vBulletin tables not in the some database than the mambo tables and put the accessdatas to your Database below .">
			<option value="0">No</option>
			<option value="1">Yes</option>
		</param>
		<param name="db_host" type="text" size="25" default="localhost" label="Database Host" description="The vBulletin Board Database Host i.e. localhost"/>
		<param name="db_dbname" type="text" size="25" default="vbulletin" label="Database Name" description="The vBulletin Board Database Name i.e. vbulletin"/>
		<param name="db_user" type="text" size="25" default="username" label="Database Username" description="The vBulletin Board Database Username i.e. username"/>
		<param name="db_passwd" type="text" size="25" default="" label="Database Password" description="The vBulletin Board Database Password i.e. password"/>
		<param name="db_prefix" type="text" size="25" default="" label="Database prefix" description="The vBulletin Board Database prefix i.e. mos_vb_  NOTE: This must be added no matter if you use a different Database or not"/>
		<param name="limit" type="text" size="5" default="5" label="Recent Posts Count" description="Number of recent posts to display."/>
		
		<param name="numchar" type="text" size="5" default="" label="Length of characters:" description="Length of subject characters to display. Leave blank to display all."/>
		<param name="show_thread" type="radio" default="1" label="Display Column THREAD?" description="Display the Thread column?">
			<option value="0">No</option>
			<option value="1">Yes</option>
		</param>
		<param name="show_author" type="radio" default="1" label="Display Column AUTHOR?" description="Display the Author column?">
			<option value="0">No</option>
			<option value="1">Yes</option>
		</param>
		<param name="show_views" type="radio" default="1" label="Display Column VIEWS?" description="Display the views column?">
			<option value="0">No</option>
			<option value="1">Yes</option>
		</param>
		<param name="show_posts" type="radio" default="1" label="Display Column POSTS?" description="Display the posts column?">
			<option value="0">No</option>
			<option value="1">Yes</option>
		</param>
		<param name="show_lastposts" type="radio" default="1" label="Display Column LASTPOST?" description="Display the last post column?">
			<option value="0">No</option>
			<option value="1">Yes</option>
		</param>
		<param name="datetime" type="radio" default="1" label="Display Data/Time" description="Display date/time below the posts?">
			<option value="0">No</option>
			<option value="1">Yes</option>
		</param>
		<param name="use_vbridge" type="radio" default="1" label="Using vBridge?" description="If you use vBridge select YES">
			<option value="0">No</option>
			<option value="1">Yes</option>
		</param>
<param name="vb_url" type="text" size="25" default="" label="URL to vBulletin" description="Enter yout URL to your vBulletin installtion. Usage: http:://www.your-forum.de"/>

		<param name="boardstoshow" type="text" size="25" default="1,2,3" label="vBulletin Forums to show" description="Enter the Forumid of the Forums which are allowd to show in the module, to prevent to show privat Forums. Separated by comma ( , )"/>
	</params>
</mosinstall>