<?xml version="1.0" encoding="iso-8859-1"?>
<mosinstall type="component" version="4.5.2">
	<name>vbridge</name>
  	<creationDate>October 2005</creationDate>
  	<author>Marko Schmuck aka Predator</author>
  	<copyright>wh-solution.com</copyright>
  	<authorEmail>webmaster@wh-solution.com</authorEmail>
  	<authorUrl>www.wh-solution.com</authorUrl>
  	<version>Final 1.21</version>

  	<files>
    	<filename>vbridge.php</filename>
	<filename>index.html</filename>
  	</files>

  	<install>
    	<queries>
      		<query> INSERT INTO #__menu (menutype,name,link,type,published,parent,componentid,sublevel,ordering,checked_out,checked_out_time,pollid,browserNav,access,utaccess) VALUES ("mainmenu", "Forum", "index.php?option=com_vbridge", "components", 1, 0, 19, 0, 8, 0, "0000-00-00 00:00:00", 0, 0, 0, 3)
      		</query>
	<query>
	CREATE TABLE #__vbridge_config (
	id tinyint(2) NOT NULL default '0',
  	vb_path varchar(255) NOT NULL default '',
	vb_url varchar(255) NOT NULL default '',
  	vb_redirect tinyint(1) NOT NULL default '0',
	vb_useextdb tinyint(1) NOT NULL default '0',
	vb_dbhost varchar(25) NOT NULL default 'localhost',
	vb_dbuser varchar(25) NOT NULL default '',
	vb_dbpass varchar(25) NOT NULL default '',
	vb_dbname varchar(25) NOT NULL default '',
  	vb_prefix varchar(25) NOT NULL default '',
	vb_cookie varchar(25) NOT NULL default '',
  	wrapped tinyint(1) NOT NULL default '0',
  	vb_license varchar(50) NOT NULL default '',
	cb_login tinyint(1) NOT NULL default '0',
	vb_reg tinyint(1) NOT NULL default '1',
	check_user tinyint(1) NOT NULL default '0',
  	PRIMARY KEY  (id)
	) TYPE=MyISAM;
	</query>
	<query>INSERT INTO #__vbridge_config (id,vb_path,vb_url,vb_redirect,vb_useextdb,vb_dbhost,vb_dbuser,vb_dbpass,vb_dbname,vb_prefix,vb_cookie,wrapped,vb_license,cb_login,vb_reg,check_user) VALUES (1,"","",0,0,"localhost","","","","","",0,"",0, 1,0)</query>
	<query>ALTER TABLE #__content ADD `vb_threadid` INT( 10 ) DEFAULT '0' NOT NULL</query>
	<query>ALTER TABLE #__users ADD `vb_userid` INT( 11 ) DEFAULT '0' NOT NULL</query>
	<query>ALTER TABLE #__users CHANGE username username VARCHAR( 50 ) NOT NULL</query>
		</queries>
  	</install>

  	<uninstall>
    	<queries>
        	<query>DELETE FROM #__menu WHERE link="index.php?option=com_vbridge"</query>
            	<query>ALTER TABLE #__core_acl_aro CHANGE `aro_id` `aro_id` INT( 11 ) NOT NULL AUTO_INCREMENT</query> 
		<query>DROP TABLE #__vbridge_config</query>
	</queries>
    </uninstall>

    <installfile>install.vbridge.php</installfile>
    <uninstallfile>uninstall.vbridge.php</uninstallfile>

    <administration>
    	<menu>vBridge</menu>
    	<submenu>
    		<menu>Configuration</menu>
		
    	</submenu>
	<files>
		<filename>install.vbridge.php</filename>
		<filename>admin.vbridge.php</filename>
		<filename>admin.vbridge.html.php</filename>
		<filename>toolbar.vbridge.php</filename>
		<filename>toolbar.vbridge.html.php</filename>
		<filename>uninstall.vbridge.php</filename>
		<filename>vbridge.class.php</filename>
		<filename>functions.vbridge.php</filename>
		<filename>index.html</filename>
		<filename>vbridge.gif</filename>
    		<filename>language/english.php</filename>
                <filename>language/spanish.php</filename>
		<filename>language/italian.php</filename>
		<filename>language/turkish.php</filename>
    		<filename>language/index.html</filename>
			
	</files>
    </administration>
    
</mosinstall>
